Service,Subservice
Arrangement,Cocktailbartender
Arrangement,Ølspesialist
Arrangement,Vinkjenner
Arrangement,Eventbartender
Arrangement,Mobil barservice
Arrangement,Mixolog
Arrangement,Bryllups-DJ
Arrangement,Klubb-DJ
Arrangement,Event-DJ
Arrangement,DJ for temafester
Arrangement,DJ for privatfest
Arrangement,Arrangementsdekoratør
Arrangement,Eventplanlegger
Arrangement,Eventvideo
Arrangement,Festutleieutstyr
Arrangement,Håndverksfestplanlegging
Arrangement,Iscenesettelse og trussing
Arrangement,"Kommersiell, film- eller musikkvideo"
Arrangement,Kommersielle og bedriftsfotografer
Arrangement,Lydproduksjonsspesialister
Arrangement,Utleie av AV-utstyr
Arrangement,Videodesign og produksjon
Arrangement,Videoredigering
Barnevakt,Barnepass kveld
Barnevakt,Barnepass helg
Barnevakt,Barnepass dagtid
Barnevakt,Barnepass ferie
Behandling,Massør
Behandling,Sportsmassasje
Behandling,Fysioterapeut
Behandling,Akupunktør
Behandling,Hudpleier
Behandling,Negletekniker
Behandling,Fotpleier
Behandling,Kiropraktor
Behandling,Osteopat
Bryllup,Bilutleie for bryllup
Bryllup,Brudekjoleendringer
Bryllup,Brudekjoler
Bryllup,Brudepiker og forlovere
Bryllup,Bryllup Toastmasters
Bryllup,Bryllupscatering
Bryllup,Bryllups DJ
Bryllup,Bryllupsblomster
Bryllup,Bryllupsdekorering
Bryllup,Bryllupsfeirer
Bryllup,Bryllupsforsikring
Bryllup,Bryllupsfotobokser
Bryllup,Bryllupsfrisør
Bryllup,Bryllupslyd og lys
Bryllup,Bryllupslokaler
Bryllup,Bryllupsmusikere
Bryllup,Bryllupsmusikkorps
Bryllup,Bryllupsskrivesaker
Bryllup,Bryllupsplanlegging
Bryllup,Bryllupssminke
Bryllup,Bryllupssmykker
Bryllup,Bryllupsstylist
Bryllup,Bryllupsunderholdning
Bryllup,Bryllupsreise planleggere
Bryllup,Bryllupsreise reisebyråer
Bryllup,Buss og bussutleie
Bryllup,Engasjement Videografi
Bryllup,Skrivesaker for bryllup
Bryllup,Utdrikningslager
Bryllup,Utleie av telt
Bryllup,Veteranbilutleie
Bryllup,Videografi for bryllup
Design,3D-modellering og CAD-tjenester
Design,Annonsedesign
Design,Animasjon
Design,Binding
Design,Brosjyredesign
Design,E-handel
Design,E-postmaldesign
Design,Emballasjedesign
Design,Flyer og brosjyredesign
Design,Grafisk design
Design,Illustratører
Design,Ingeniørdesign
Design,Kontorrekvisita
Design,Logodesign
Design,Merkevareutforming
Design,Presentasjonsdesign
Design,Printdesign
Design,Teknisk design
Design,UX og UI design
Design,Visittkortdesign
Design,Webdesign
Design,Webutvikling
Design,"Maler (Portrettmaler, Abstraktkunstner)"
Design,Illustratør
Design,Gatekunstner
Dyrepass,Dyrepass
Dyrepass,Kattepasser
Dyrepass,Dyrepasser for smådyr
Dyrepass,Hundelufting
Dyrepass,Hundepass
Dyrepass,Husdyrpleier
Eldreomsorg,Handlehjelp
Eldreomsorg,Følge til lege
Eldreomsorg,Selskap og prat
Eldreomsorg,Følge til avtaler
Eventutleie,Utleie av partytelt
Eventutleie,Utleie av stoler og bord
Flislegging,"Forsegling, fuging og fuging"
Flislegging,Gulvfliser
Flislegging,Kjøkkenfliser
Flislegging,Montering av stein eller fliser på gulv
Flislegging,Murstein og blokkbelegningstjenester
Flislegging,Reparasjon av stein eller fliser
Flislegging,Uteplasstjenester
Flyttehjelp,Flytting av møbler
Flyttehjelp,Flyttebyrå
Flyttehjelp,Bærehjelp
Flyttehjelp,Full flyttehjelp
Flyttehjelp,Pakking til flytting
Flyttehjelp,Piano- og tungløft
Fotografi,Portrettfotografi
Fotografi,Bryllupsfotografi
Fotografi,Naturfotografi
Fotografi,Eventfotografi
Fotografi,Reklamefotografi
Fotografi,Eiendomsfotografi
Fotografi,Nyfødtfotografi
Fotografi,Familiefotografi
Fotografi,Boudoirfotografi
Fotografi,Dyrefotografi
Fotografi,Arkitekturfotografi
Fotografi,Sportsfotografi
Fotografi,Dronefotografi
Fotografi,Bedriftsfotografi
Fotografi,Forlovelsesfotografi
Fotografi,Videofotograf
Fotografi,Modellfotografi
Fotografi,Dronefotografering
Frisør,Hårstylist
Frisør,Barberer
Frisør,Frisør
Hage og landskap,Bygging av drivhus
Hage og landskap,Bygging av hageskur
Hage og landskap,Gjødsling
Hage og landskap,Hagerydning
Hage og landskap,Hagerom
Hage og landskap,Installasjon av dam- og vannfunksjoner
Hage og landskap,Installasjon av gjerde og porter
Hage og landskap,Installasjon av hagesprinkleranlegg
Hage og landskap,Installasjon av kunstgress
Hage og landskap,"Montering av lysthus, pergola og espalier"
Hage og landskap,Installasjon av sikkerhetsgjerde
Hage og landskap,Konstruksjon av lekeutstyr
Hage og landskap,Landskapsarbeid
Hage og landskap,Landskapsdesign
Hage og landskap,Montering av grill
Hage og landskap,Montering av markise
Hage og landskap,Plassering av steinblokker
Hage og landskap,"Planting, vedlikehold eller fjerning av trær og busker"
Hage og landskap,Plenpleie
Hage og landskap,Reparasjon av badestamp og spa
Hage og landskap,Reparasjon og vedlikehold av dam- og vannfunksjon
Hage og landskap,Reparasjon av gjerde og porter
Hage og landskap,Reparasjon av gressklipper
Hage og landskap,Reparasjon av kunstgress
Hage og landskap,Reparasjon av lekeutstyr
Hage og landskap,Reparasjon og vedlikehold av hagesprinkleranlegg
Hage og landskap,Reparasjon og vedlikehold av markise
Hage og landskap,Reparasjon og vedlikehold av terrassedeksel
Hage og landskap,"Installasjon, vedlikehold og rengjøring av boblebad og spa"
Hage og landskap,Snøbrøyting
Hage og landskap,Støttemurkonstruksjon
Hage og landskap,Trekirurgi og fjerning
Håndverker,Gulvsliping
Håndverker,Leggingavgulv
Håndverker,Monteringavmøbler
Håndverker,Monteringavgarderobe
Håndverker,Monteringavkjøkken
Håndverker,Monteringavbenkeplate
Håndverker,Monteringavdør
Håndverker,Monteringavvindu
Håndverker,Skifteavhåndtakogbeslag
Håndverker,Sparklingogpuss
Håndverker,Småreparasjoner
Håndverker,OpphengavbilderogTV
Håndverker,Monteringavbaderomsinnredning
Håndverker,Monteringavutebod
Håndverker,Byggingavterrasse
Håndverker,Byggingavplatting
Håndverker,Snekringavhyller
Håndverker,Monteringavgjerdeogport
Håndverker,Reparasjonavgjerdeellerlevegg
Håndverker,Innvendigisolering
Håndverker,Demonteringavinnredning
Håndverker,Tømrer og snekker
Håndverker,Innerdører og listverk
Helse,Ansattes hjelpeprogrammer
Helse,Aromaterapi
Helse,Avhengighetsterapi
Helse,Barnerådgivning
Helse,Behandling av hårtap
Helse,Depresjonsrådgivning
Helse,Familierådgivning
Helse,Fotterapi og fotterapeuter
Helse,Fysioterapi
Helse,Gambling terapi
Helse,Holistisk terapi
Helse,Homeopati
Helse,Høreapparater
Helse,Hypnoterapi
Helse,Iridologi
Helse,Jungiansk psykoanalyse
Helse,Kognitiv atferdsterapi
Helse,Komplementær terapi
Helse,Kunstterapi
Helse,Massasjeterapi
Helse,Massasjetrening
Helse,Osteopati
Helse,Parrådgivning
Helse,Psykodynamisk psykoterapi
Helse,Psykologer
Helse,Psykoterapi
Helse,Rådgivning
Helse,Refleksologi
Helse,Reiki
Helse,Ekteskapsrådgivning
Helse,Shiatsu
Helse,Sorgrådgivning
Helse,Sofrologi
Helse,Stylister
Helse,Terapeut
Helse,Ungdomsrådgivning
IKEA,IKEA Garderobe
IT-hjelp,PC- og printeroppsett
IT-hjelp,WiFi- og nettverksproblemer
IT-hjelp,Mobil og nettbrett
IT-hjelp,Sikkerhetskopiering og gjenoppretting
IT-hjelp,Virus og malware-fjerning
IT-hjelp,Smarthus og IoT-oppsett
Juridisk rådgivning,Opprettelse av kontrakter
Juridisk rådgivning,Boligjuridisk bistand
Juridisk rådgivning,Arbeidsrett
Juridisk rådgivning,Arv og testament
Juridisk rådgivning,Familierett og samboerskap
Juridisk rådgivning,Gratis juridisk vurdering
Kampsport,Judo
Kampsport,Bryting
Kampsport,Brasiliansk Jiu Jitsu
Kampsport,MMA
Kampsport,Boksing
Kampsport,Kickboksing
Kampsport,Muay Thai
Kampsport,Karate
Kampsport,Taekwondo
Kampsport,Sambo
Kampsport,Catch Wrestling
Kampsport,Sumobryting
Kampsport,Hema
Kokk,Privatkokk
Kokk,Cateringkokk
Kokk,Kokkforhjemmemiddag
Kokk,Kokktilselskap
Kokk,Kokktilfirmaarrangement
Kokk,Grillkokk
Kokk,Veganskokk
Kokk,Vegetariskkokk
Kokk,Gourmetkokk
Kokk,Konditor
Kokk,Dessertkokk
Kokk,Frokostkokk
Kokk,Tapaskokk
Kokk,Sushikokk
Kokk,Streetfoodkokk
Kurs og opplæring,Excel for nybegynnere
Kurs og opplæring,Matlagingskurs
Kurs og opplæring,Presentasjonsteknikk
Kurs og opplæring,Sosiale medier for bedrifter
Kurs og opplæring,Gründer og oppstart
Mat,Kakelaging
Mat,Catering
Mat,Matlagingstimer
Mat,Food Truck
Mat,Konditori
Mat,Personlige kokk
Mat,Sommelier
Mat,Bryllupskaker
Musikk,Pop
Musikk,Hiphop
Musikk,Disco
Musikk,Electronica
Musikk,House
Musikk,Trance
Musikk,Dubstep
Musikk,Hardstyle
Musikk,Trap
Musikk,Musikk for barn
Musikk,EDM
Musikk,Country
Musikk,Klassikere
Musikk,Lounge
Musikk,Sanger
Musikk,Live band
Musikk,Soloartist og vokalist
Musikk,Kor og ensemble
Musikk,Saksofonist
Musikk,Sanger og gitarist
Musikkundervisning,Pianolærer
Musikkundervisning,Gitarlærer
Musikkundervisning,Ballroom Dance-klasser
Musikkundervisning,Banjo-leksjoner
Musikkundervisning,Bassgitartimer
Musikkundervisning,Bratsjundervisning
Musikkundervisning,Cellotimer
Musikkundervisning,Dansekoreografitimer
Musikkundervisning,Dansetimer
Musikkundervisning,Fagotttimer
Musikkundervisning,Fele-leksjoner
Musikkundervisning,Fiolintimer
Musikkundervisning,Fløytetimer
Musikkundervisning,Gitartimer
Musikkundervisning,Harpetimer
Musikkundervisning,Hip Hop-dansekurs
Musikkundervisning,Klarinetttimer
Musikkundervisning,Komedietimer
Musikkundervisning,Kontrabasstimer
Musikkundervisning,Fransk horn
Musikkundervisning,Magedanstimer
Musikkundervisning,Mandolintimer
Musikkundervisning,Munnspill-leksjoner
Musikkundervisning,Musikkkomposisjonstimer
Musikkundervisning,Musikktimer
Musikkundervisning,Musikkteoritimer
Musikkundervisning,Obo-leksjoner
Musikkundervisning,Pianotimer
Musikkundervisning,Poledance-kurs
Musikkundervisning,Rap-musikktimer
Musikkundervisning,Saksofonundervisning
Musikkundervisning,Sangundervisning
Musikkundervisning,Sekkepipetimer
Musikkundervisning,Tango-dansetimer
Musikkundervisning,Trekkspillundervisning
Musikkundervisning,Trombonetimer
Musikkundervisning,Trommetimer
Musikkundervisning,Trompetundervisning
Musikkundervisning,Ukuleletimer
Språk,Arabisk
Språk,Dansk
Språk,Farsi
Språk,Fransk
Språk,Gresk
Språk,Hebraisk
Språk,Hindi
Språk,Indonesisk
Språk,Italiensk
Språk,Japansk
Språk,Kantonesisk
Språk,Kinesisk
Språk,Koreansk
Språk,Latinsk
Språk,Mandarin
Språk,Medisinsk transkripsjon
Språk,Nederlandsk
Språk,Norsk
Språk,Polsk
Språk,Portugisisk
Språk,Redigering
Språk,Rumensk
Språk,Russisk
Språk,Sanskrit
Språk,Skandinavisk
Språk,Somalisk
Språk,Spansk
Språk,Skrivetjenester
Språk,Swahili
Språk,Svensk
Språk,Tagalog
Språk,Thai
Språk,Transkripsjonstjenester
Språk,Tsjekkisk
Språk,Tysk
Språk,Tyrkisk
Språk,Vietnamesisk
Språk,Walisisk
Personlig trener,Styrketreningsinstruktør
Personlig trener,Kondisjonstrener
Personlig trener,Yoga-instruktør
Personlig trener,Pilates-trener
Personlig trener,Kostholdsveileder
Personlig trener,CrossFit-trener
Personlig trener,Rehabiliteringstrener
Personlig trener,Badmintont
Personlig trener,Baseball
Personlig trener,Basketball
Personlig trener,Bordtennis
Personlig trener,Fekting
Personlig trener,Fotball
Personlig trener,Golf
Personlig trener,Gymnastikk
Personlig trener,Kajakk
Personlig trener,Klatre
Personlig trener,Løping
Personlig trener,Paragliding
Personlig trener,Pilates
Personlig trener,Racketball
Personlig trener,Seiling
Personlig trener,Skateboard
Personlig trener,Skikurs
Personlig trener,Skøyting
Personlig trener,Softball
Personlig trener,Surfing
Personlig trener,Svømming
Personlig trener,Sykling
Personlig trener,Tennis
Personlig trener,Triatlon
Personlig trener,Volleyball
Personlig trener,Wakeboard
Personlig trener,Vannaerobic
Personlig trener,Vannski
Personlig trener,Yoga
Personlig trener,Personlig trener (PT)
Privatundervisning,Matematikk
Privatundervisning,Mattehjelp
Privatundervisning,Privatlærer
Privatundervisning,Naturfag
Privatundervisning,Fysikk
Privatundervisning,Kjemi
Privatundervisning,Engelsk
Privatundervisning,Norsk
Privatundervisning,Tysk
Privatundervisning,Spansk
Privatundervisning,Fransk
Regnskap,Regnskapsføring
Regnskap,Fakturering
Regnskap,Bokføring
Regnskap,Årsoppgjør
Regnskap,Selvangivelse
Regnskap,Skatterådgivning
Regnskap,Lønnskjøring
Regnskap,MVArapportering
Regnskap,Regnskapsrådgivning
Regnskap,Etablering av ENK
Regnskap,Etablering av AS
Rengjøring,Rengjøring av hjem
Rengjøring,Kontorrengjøring
Rengjøring,Flyttevask
Rengjøring,Vindusvask
Rengjøring,Rengjøring av tepper og møbler
Rengjøring,Dyprengjøring
Rengjøring,Rengjøring etter bygging
Renhold,Avfallshåndtering
Renhold,Dypvasktjenester
Renhold,Damprengjøring
Renhold,Hagerydning
Renhold,Hopp over leie
Renhold,Husrengjøring
Renhold,Husrydding
Renhold,Høytrykksspyling
Renhold,Kommersiell og kontor dugg
Renhold,Kommersiell og kontorrengjøring
Renhold,Luktfjerning
Renhold,Opprydding av eiendom etter bygging
Renhold,Ovnsrengjøring
Renhold,Rensing av avløp og kloakk
Renhold,Rensing av renne
Renhold,Rengjøring av boblebad og spa
Renhold,Rengjøring av fliser og fuger
Renhold,Rengjøring av innkjørsel
Renhold,Rengjøring av kanaler og ventiler
Renhold,Rengjøring av møbeltrekk og møbel
Renhold,Rengjøring av murstein og stein
Renhold,Rengjøring av skorstein
Renhold,Sluttrengjøring av leieforhold
Renhold,Tepperensing
Renhold,Vindusvaskere
Renhold,Stryketjenester
Renhold,Fasadevask
Renhold,Rengjøring etter fest
Renhold,Takvask
Renhold,Vaskehjelp
Småreparasjoner,IKEA-montering
Småreparasjoner,Opphenging av bilder og hyller
Språkundervisning,Arabisk
Språkundervisning,Engelsk
Språkundervisning,Fransk
Språkundervisning,Italiensk
Språkundervisning,Japansk
Språkundervisning,Kinesisk
Språkundervisning,Nederlandsk
Språkundervisning,Portugisisk
Språkundervisning,Russisk
Språkundervisning,Spansk
Språkundervisning,Tyrkisk
Språkundervisning,Tysk
Stylist,Fargespesialist
Stylist,Makeup-artist
Stylist,Neglestylist
Stylist,Brudestylist
Stylist,Extensions-spesialist
Transport og bud,Levering av pakker
Transport og bud,Kjøp og hent-tjenester
Transport og bud,Varetransport
Transport og bud,Godstransport
Transport og bud,Persontransport
Transport og bud,Pianotransport
Transport og bud,Transport av bil og båt
Boligstyling,Boligstyling før salg
Boligstyling,Interiørkonsulent
Boligstyling,Homestaging
Bilverksted og mekaniker,Bilmekaniker
Bilverksted og mekaniker,Dekkskift
Bilverksted og mekaniker,EU-kontroll og PKK
Bilverksted og mekaniker,AC og klima bil
Bilverksted og mekaniker,Bilpleie
Bilverksted og mekaniker,Hjul og dekkskift
Bilverksted og mekaniker,Kilometerservice
Elektriker,El-installasjon bolig
Elektriker,Feilsøking og reparasjon elektro
Elektriker,Sikringsskap og kurser
Elektriker,Ladeinfrastruktur elbil
Låsesmed,Lås og sylinder
Låsesmed,Nøkkel og lås
Låsesmed,Elektronisk adgangskontroll
Maler og tapetsering,Innendørs maling
Maler og tapetsering,Utvendig maling
Maler og tapetsering,Tapetsering
Maler og tapetsering,Maling tak og lister
Rørlegger og VVS,Rørlegger
Rørlegger og VVS,Varme og sanitær
Rørlegger og VVS,Tette avløp og sluk
Rørlegger og VVS,Montering av bad
Tak og tekking,Montering av tegltak
Tak og tekking,Taktekker
Tak og tekking,Takreparasjon
Tak og tekking,Flatt tak og takpapp
Underholdning,Skuespiller
Underholdning,Standupkomiker
Underholdning,Ansiktsmaling
Underholdning,Ballongkunstneri
Underholdning,Ballongtwister
Underholdning,Bobleblåsing
Underholdning,Danseunderholdning
Underholdning,Dukketeater
Underholdning,Eventunderholdning
Underholdning,Tatovør
Underholdning,Klovneunderholdning
Underholdning,Komikere
Underholdning,Kroppsmaling
Underholdning,Lasershow
Underholdning,MC og verter
Underholdning,Magedans
Underholdning,Miming
Underholdning,Portrettkunstneri
Underholdning,Ponniridning
Underholdning,Sirkusskuespill
Underholdning,Tryllekunstner
Underholdning,Fyrverkeri
Underholdning,Fotoboks
Underholdning,Hoppeslott
Underholdning,Utleie av lokale